user_id,name,username,password
1,Martana Wastuti,martanawastuti,password123
2,Puti Rahimah,putirahimah,password123
3,R Fitria Manullang,manullangr,password123
4,Karsa Kuswandari,karsakuswandari,password123
5,Soleh Saptono,solehsaptono,password123
6,Fitriani Uyainah,fitrianiuyainah,password123
7,Jamalia Santoso,jamaliasantoso,password123
8,Dagel Anggraini,dagelanggraini,password123
9,Raisa Sinaga,sinagaraisa,password123
10,Cahya Dabukke,cahyadabukke,password123
11,Fitriani Kuswandari,fitrianikuswandari,password123
12,Silvia Nasyidah,silvianasyidah,password123
13,Damar Purnawati,damarpurnawati,password123
14,R Vivi Natsir,rnatsir,password123
15,Puti Lala Uwais,putiuwais,password123
16,Tari Permadi,taripermadi,password123
17,Talia Marbun,marbuntalia,password123
18,Umay Maulana,umaymaulana,password123
19,Fathonah Mahendra,mahendrafathonah,password123
20,R Cemani Sihotang,sihotangr,password123
21,Ina Puspita,inapuspita,password123
22,Janet Farida,janetfarida,password123
23,Paiman Pratama,pratamapaiman,password123
24,Garang Gunarto,gunartogarang,password123
25,Rachel Saragih,saragihrachel,password123
26,R Sadina Nugroho,rnugroho,password123
27,Pandu Susanti,pandususanti,password123
28,Ilsa Pranowo,pranowoilsa,password123
29,Cut Ira Namaga,cutnamaga,password123
30,R Kawaya Jailani,rjailani,password123
31,Ana Suwarno,suwarnoana,password123
32,Cawisono Prayoga,cawisonoprayoga,password123
33,Kartika Kurniawan,kurniawankartika,password123
34,Rahmi Samosir,samosirrahmi,password123
35,R Heryanto Safitri,safitrir,password123
36,Ade Pratiwi,adepratiwi,password123
37,Uda Prastuti,prastutiuda,password123
38,Cut Rahmi Sudiati,cutsudiati,password123
39,Kuncara Saputra,saputrakuncara,password123
40,Bakiman Mansur,bakimanmansur,password123
41,Jaya Siregar,siregarjaya,password123
42,Dr Kawaca Wibowo,wibowodr,password123
43,Arsipatra Marpaung,arsipatramarpaung,password123
44,Eja Saputra,ejasaputra,password123
45,Vera Habibi,verahabibi,password123
46,Ifa Situmorang,ifasitumorang,password123
47,Humaira Budiman,budimanhumaira,password123
48,Carla Winarno,carlawinarno,password123
49,Gilda Suartini,gildasuartini,password123
50,Shakila Lestari,shakilalestari,password123
51,Puti Winda Purwanti,purwantiputi,password123
52,Putri Utama,utamaputri,password123
53,Agus Budiyanto,budiyantoagus,password123
54,Carla Fujiati,fujiaticarla,password123
55,Silvia Fujiati,silviafujiati,password123
56,Julia Tampubolon,tampubolonjulia,password123
57,Ulva Hardiansyah,hardiansyahulva,password123
58,Salsabila Rajata,salsabilarajata,password123
59,Tgk Lalita Sudiati,sudiatitgk,password123
60,Daniswara Hartati,daniswarahartati,password123
61,Talia Yuniar,taliayuniar,password123
62,Wani Hastuti,wanihastuti,password123
63,Kh Lega Prayoga,khprayoga,password123
64,Nyoman Prayoga,prayoganyoman,password123
65,Luthfi Saputra,saputraluthfi,password123
66,Puti Andriani,andrianiputi,password123
67,Ulya Anggraini,ulyaanggraini,password123
68,Maria Haryanti,haryantimaria,password123
69,Hamzah Hardiansyah,hamzahhardiansyah,password123
70,Dr Baktiono Wulandari,drwulandari,password123
71,Kh Galih Pradipta,khpradipta,password123
72,Banawa Handayani,handayanibanawa,password123
73,Kh Asmadi Wijaya,wijayakh,password123
74,Puspa Dabukke,dabukkepuspa,password123
75,Yunita Prakasa,yunitaprakasa,password123
76,Gaiman Nurdiyanti,gaimannurdiyanti,password123
77,Zamira Mayasari,mayasarizamira,password123
78,Natalia Puspasari,nataliapuspasari,password123
79,Hafshah Novitasari,novitasarihafshah,password123
80,Dipa Hardiansyah,hardiansyahdipa,password123
81,Capa Hariyah,hariyahcapa,password123
82,Agnes Wijaya,agneswijaya,password123
83,Sutan Daliono Pangestu,pangestusutan,password123
84,Prayitna Purnawati,prayitnapurnawati,password123
85,Hilda Mahendra,hildamahendra,password123
86,Cut Titin Sirait,siraitcut,password123
87,Vicky Anggriawan,anggriawanvicky,password123
88,R Praba Rahayu,rahayur,password123
89,Cut Ani Maheswara,maheswaracut,password123
90,Lidya Nasyiah,lidyanasyiah,password123
91,Cut Endah Palastri,cutpalastri,password123
92,Cahyanto Nugroho,nugrohocahyanto,password123
93,Dwi Halim,dwihalim,password123
94,Gatra Dongoran,gatradongoran,password123
95,Indah Kurniawan,indahkurniawan,password123
96,Asmadi Natsir,asmadinatsir,password123
97,Edi Maryadi,edimaryadi,password123
98,Hasna Handayani,handayanihasna,password123
99,R Uda Uwais,ruwais,password123
100,Ganda Nababan,nababanganda,password123
