user_id,movie_id,rating
1,678,4
1,1649,5
1,1085,4
1,94,5
1,1500,5
1,431,4
1,843,5
1,56,5
1,354,4
1,1560,5
1,51,4
1,1818,5
1,188,5
1,1801,5
1,274,5
1,1204,5
1,334,5
1,1927,5
1,1451,5
1,1434,5
1,1237,4
1,437,5
1,136,4
1,1754,5
1,148,4
1,615,1
1,808,1
1,782,1
1,1096,1
1,1271,1
1,1734,1
1,229,1
1,1977,1
1,32,1
1,416,1
1,332,1
1,488,1
1,700,1
1,899,1
1,1802,1
1,1287,1
1,291,1
1,10,2
1,1701,1
1,1973,1
1,1836,2
1,969,2
1,872,1
1,113,1
1,306,1
2,1949,5
2,160,4
2,590,5
2,30,4
2,1859,5
2,1287,4
2,1689,5
2,562,5
2,200,5
2,1836,5
2,17,5
2,1973,4
2,10,5
2,1701,5
2,872,4
2,1967,5
2,1276,4
2,1149,5
2,1992,5
2,1779,5
2,360,4
2,1327,5
2,113,5
2,392,5
2,1568,4
2,229,1
2,102,2
2,1434,1
2,912,2
2,1096,1
2,1045,1
2,424,1
2,1602,1
2,1977,1
2,700,1
2,1649,1
2,982,2
2,274,1
2,843,1
2,1188,1
2,1026,1
2,1754,1
2,148,1
2,136,1
2,880,1
3,351,5
3,327,5
3,1836,5
3,1967,5
3,1490,4
3,872,4
3,1973,5
3,1779,5
3,1378,5
3,227,5
3,1689,5
3,10,4
3,1276,4
3,360,4
3,590,5
3,1859,5
3,17,5
3,1701,5
3,291,5
3,200,4
3,306,5
3,1149,5
3,1992,5
3,30,5
3,392,5
3,1271,1
3,1888,1
3,728,1
3,1265,1
3,702,1
3,1096,1
3,912,1
3,368,1
3,1539,1
3,1977,1
3,35,1
3,563,1
3,880,1
3,148,1
3,431,2
3,1500,1
3,1026,1
3,334,1
3,1818,1
3,982,1
4,35,5
4,1560,5
4,1867,5
4,1927,5
4,880,5
4,437,5
4,843,5
4,1026,4
4,148,5
4,1434,5
4,56,5
4,1500,5
4,1237,5
4,1085,5
4,58,5
4,1451,5
4,274,5
4,51,5
4,431,4
4,94,5
4,136,5
4,1818,5
4,1649,5
4,1204,4
4,678,5
4,1045,1
4,416,1
4,912,1
4,728,1
4,488,1
4,899,1
4,1977,1
4,297,1
4,1734,2
4,651,1
4,782,1
4,1271,1
4,702,1
4,1802,1
4,54,1
4,1973,1
4,327,1
4,1689,1
4,969,2
4,10,1
4,17,1
4,1949,1
4,113,1
4,1149,1
4,1992,1
5,1247,5
5,482,5
5,200,5
5,590,5
5,1276,5
5,30,4
5,1973,5
5,807,5
5,1779,5
5,113,4
5,227,5
5,306,5
5,17,5
5,1378,4
5,1850,4
5,10,5
5,1149,5
5,969,5
5,1689,5
5,291,4
5,1885,4
5,351,5
5,1668,5
5,1327,4
5,1568,5
5,651,1
5,332,1
5,983,1
5,615,1
5,102,1
5,368,1
5,297,1
5,700,1
5,1602,1
5,54,1
5,35,2
5,843,1
5,94,1
5,148,1
5,1434,2
5,1938,1
5,69,1
5,1204,2
5,982,1
5,1188,1
6,983,4
6,615,5
6,1977,5
6,368,5
6,651,5
6,1734,5
6,1595,4
6,912,4
6,1692,4
6,124,5
6,1539,5
6,488,5
6,702,5
6,1045,5
6,782,5
6,297,4
6,32,5
6,1061,5
6,1602,5
6,1265,5
6,102,4
6,808,4
6,1802,5
6,1096,5
6,424,5
6,1754,2
6,1818,2
6,1867,1
6,1927,1
6,1451,1
6,678,2
6,188,1
6,334,1
6,880,1
6,1938,1
6,136,2
6,1560,2
6,274,1
6,148,1
6,51,1
6,1992,2
6,1885,1
6,10,1
6,590,1
6,1568,1
6,1490,1
6,1859,1
6,1327,1
6,872,2
6,1287,1
7,1096,5
7,124,5
7,1045,4
7,651,5
7,297,5
7,728,5
7,229,5
7,1539,4
7,332,5
7,102,5
7,416,5
7,488,4
7,1434,5
7,782,5
7,1602,4
7,1734,5
7,1595,4
7,912,5
7,615,5
7,700,4
7,1888,5
7,54,4
7,983,4
7,702,5
7,1271,5
7,431,1
7,1085,1
7,1204,1
7,1560,1
7,274,1
7,354,2
7,1801,2
7,1649,1
7,1818,1
7,94,1
7,1867,1
7,334,1
7,1938,1
7,1754,1
7,1859,1
7,1668,2
7,1276,2
7,872,1
7,1568,1
7,1992,1
7,113,2
7,482,1
7,17,2
7,1701,1
8,1779,5
8,1836,5
8,1668,5
8,872,5
8,1973,5
8,969,5
8,1490,5
8,360,5
8,807,5
8,1949,5
8,1850,5
8,1967,5
8,562,4
8,1276,5
8,590,5
8,392,5
8,1859,4
8,1327,5
8,227,5
8,482,5
8,1287,4
8,1689,5
8,1992,5
8,10,5
8,291,5
8,32,2
8,54,1
8,615,2
8,1061,1
8,1434,1
8,1096,1
8,899,1
8,1539,1
8,1045,1
8,912,1
8,5,1
8,1237,1
8,1500,1
8,678,1
8,1801,1
8,188,1
8,56,1
8,1649,1
8,1026,1
8,1188,1
9,488,4
9,1802,5
9,899,5
9,1096,4
9,1977,5
9,1539,5
9,416,5
9,297,5
9,54,5
9,102,4
9,615,4
9,1734,5
9,465,5
9,332,5
9,651,5
9,1434,5
9,1602,4
9,782,4
9,808,5
9,983,4
9,124,5
9,1692,5
9,1265,5
9,728,5
9,229,5
9,56,1
9,69,1
9,1026,1
9,1818,1
9,188,1
9,843,1
9,58,2
9,1867,1
9,51,1
9,5,1
9,1085,1
9,431,1
9,982,1
9,437,1
9,148,1
9,1276,1
9,1490,1
9,160,1
9,1287,1
9,482,1
9,30,1
9,1992,1
9,1949,1
9,872,1
9,306,1
10,488,5
10,899,5
10,54,5
10,808,5
10,102,4
10,1595,5
10,416,5
10,700,4
10,1045,5
10,1271,4
10,651,4
10,1539,5
10,465,5
10,229,5
10,32,4
10,1602,5
10,702,5
10,1802,5
10,1734,5
10,1977,5
10,332,5
10,1096,5
10,1434,4
10,983,5
10,1265,5
10,56,1
10,1188,1
10,563,1
10,1754,1
10,58,1
10,1649,1
10,1026,1
10,1801,2
10,274,1
10,1867,1
10,1560,1
10,51,1
10,136,1
10,1938,1
10,843,1
10,306,1
10,562,1
10,360,1
10,1779,2
10,1701,1
10,291,1
10,1850,1
10,1276,1
10,1668,1
10,1490,1
11,702,5
11,424,5
11,1096,5
11,1802,5
11,651,5
11,1602,5
11,1434,5
11,1692,5
11,488,5
11,899,5
11,808,5
11,700,5
11,297,5
11,102,5
11,1271,5
11,368,5
11,1265,4
11,332,5
11,1977,5
11,912,5
11,124,5
11,1734,5
11,1595,5
11,465,5
11,728,5
11,35,1
11,188,1
11,354,1
11,1237,2
11,1649,1
11,982,1
11,1560,1
11,1867,1
11,1754,1
11,148,1
11,1500,1
11,56,1
11,843,1
11,1085,1
11,1451,1
11,1949,2
11,1327,1
11,1378,2
11,1287,1
11,1836,1
11,807,1
11,227,1
11,1490,1
11,291,1
11,1859,1
12,51,5
12,1560,5
12,1500,4
12,1434,5
12,1818,5
12,880,5
12,136,5
12,1754,4
12,1451,5
12,1026,5
12,437,5
12,982,5
12,354,4
12,1801,5
12,1204,5
12,1927,4
12,431,5
12,1237,4
12,274,5
12,563,4
12,94,4
12,56,5
12,5,5
12,1867,4
12,188,5
12,1888,2
12,1977,2
12,368,1
12,1096,1
12,297,2
12,416,1
12,1595,1
12,700,1
12,1539,1
12,424,1
12,615,1
12,488,1
12,54,1
12,899,1
12,1265,1
12,360,1
12,1378,1
12,227,1
12,590,1
12,392,1
12,1992,2
12,291,2
12,1949,1
12,1836,1
12,1973,1
13,1949,5
13,1378,5
13,482,5
13,1689,4
13,10,5
13,1967,5
13,1779,5
13,562,5
13,17,5
13,1149,5
13,1287,5
13,1327,5
13,1247,5
13,113,5
13,590,5
13,1568,4
13,1885,4
13,1859,4
13,360,5
13,1701,5
13,1276,5
13,200,4
13,1668,5
13,1836,5
13,872,5
13,488,1
13,465,1
13,1434,1
13,1271,1
13,728,1
13,124,1
13,229,1
13,1061,1
13,297,1
13,1692,1
13,1927,1
13,1085,1
13,880,1
13,431,1
13,843,1
13,94,1
13,58,1
13,188,1
13,982,1
13,1204,1
14,590,5
14,1850,5
14,17,5
14,969,5
14,160,5
14,482,5
14,1247,5
14,360,5
14,1276,5
14,1949,5
14,351,5
14,1568,5
14,30,5
14,327,5
14,1992,4
14,1149,5
14,291,5
14,200,5
14,1327,4
14,1701,5
14,10,5
14,1490,5
14,113,5
14,807,5
14,306,5
14,1802,1
14,1595,1
14,488,1
14,1265,1
14,1734,1
14,651,1
14,1096,1
14,1602,1
14,297,2
14,1539,1
14,1237,1
14,1188,1
14,1085,2
14,880,1
14,1801,1
14,334,1
14,94,1
14,58,1
14,563,1
14,51,2
15,590,4
15,30,5
15,1992,4
15,1967,5
15,291,5
15,113,5
15,1568,5
15,160,5
15,482,5
15,1701,5
15,1885,5
15,306,5
15,1378,5
15,872,5
15,327,5
15,1973,5
15,1779,4
15,1287,4
15,1276,5
15,351,5
15,1689,5
15,360,5
15,1859,5
15,392,5
15,1490,5
15,297,1
15,32,1
15,1096,1
15,332,1
15,1045,1
15,102,1
15,54,1
15,1802,1
15,808,1
15,1595,1
15,1085,1
15,1938,1
15,678,1
15,35,1
15,1649,1
15,880,1
15,58,2
15,188,1
15,51,1
15,5,1
16,1818,4
16,274,5
16,51,5
16,437,5
16,431,5
16,1237,5
16,1801,5
16,94,5
16,334,5
16,1434,5
16,1451,4
16,880,5
16,69,5
16,188,5
16,35,5
16,148,5
16,1927,5
16,136,5
16,1500,5
16,1560,5
16,1204,5
16,1938,5
16,563,5
16,1026,5
16,982,4
16,1595,1
16,54,1
16,1692,1
16,1539,1
16,1061,1
16,1265,1
16,1602,1
16,32,1
16,488,1
16,1096,1
16,1888,1
16,702,1
16,983,1
16,1734,1
16,327,1
16,1490,1
16,306,1
16,1378,1
16,113,1
16,1949,1
16,160,1
16,1327,1
16,1276,1
16,1859,1
17,56,5
17,1500,5
17,1434,5
17,188,5
17,35,5
17,1188,5
17,678,5
17,982,5
17,1649,5
17,437,5
17,1927,5
17,1451,5
17,58,5
17,1938,5
17,51,4
17,1237,5
17,5,4
17,1085,5
17,1754,4
17,148,5
17,843,5
17,354,4
17,274,5
17,880,4
17,69,5
17,1802,1
17,1977,1
17,488,1
17,700,2
17,1692,1
17,1096,2
17,1045,1
17,124,1
17,32,1
17,332,1
17,1539,1
17,54,1
17,1734,1
17,102,1
17,1061,1
17,590,1
17,1992,1
17,306,1
17,807,2
17,392,1
17,1701,1
17,1689,1
17,1490,1
17,562,1
17,1949,1
18,291,5
18,17,5
18,160,4
18,562,5
18,1378,5
18,360,4
18,1779,5
18,482,5
18,10,5
18,392,5
18,1949,5
18,872,4
18,969,5
18,1689,5
18,1859,5
18,1327,5
18,113,5
18,1701,5
18,30,5
18,1885,5
18,351,5
18,227,4
18,807,5
18,327,4
18,200,4
18,229,1
18,1692,1
18,1434,1
18,465,1
18,424,2
18,983,1
18,1977,1
18,1271,1
18,782,1
18,651,2
18,1204,1
18,1818,1
18,1026,1
18,1938,1
18,51,2
18,1560,1
18,334,1
18,563,1
18,35,1
18,678,1
19,1188,5
19,843,5
19,563,5
19,1085,5
19,1927,5
19,1649,5
19,51,5
19,431,4
19,1560,5
19,5,5
19,1754,5
19,94,5
19,136,4
19,69,5
19,148,5
19,1451,4
19,334,5
19,58,5
19,880,5
19,1801,5
19,437,4
19,678,5
19,354,5
19,35,5
19,1500,4
19,488,1
19,54,1
19,1061,1
19,297,1
19,1595,1
19,983,1
19,465,1
19,1271,1
19,32,1
19,1539,1
19,1096,1
19,1692,1
19,1734,1
19,728,1
19,700,1
19,17,1
19,360,1
19,1701,1
19,1149,1
19,1689,1
19,1568,2
19,1885,1
19,1859,1
19,392,2
19,113,1
20,291,5
20,562,5
20,1327,5
20,1149,5
20,306,4
20,872,5
20,1276,5
20,1850,5
20,1668,5
20,1836,5
20,590,5
20,1568,5
20,1949,5
20,392,5
20,1701,4
20,1490,4
20,1973,5
20,10,5
20,1885,4
20,17,5
20,1247,5
20,360,5
20,351,5
20,1689,5
20,113,5
20,488,2
20,1802,1
20,1692,1
20,651,1
20,102,1
20,1602,1
20,32,1
20,124,1
20,332,2
20,1265,1
20,1451,1
20,880,1
20,431,1
20,563,1
20,1237,2
20,334,1
20,982,1
20,56,1
20,1204,1
20,1867,1
21,306,5
21,360,5
21,392,5
21,1247,5
21,291,4
21,1779,5
21,1490,5
21,1276,5
21,1836,5
21,1668,5
21,30,4
21,969,5
21,351,4
21,17,5
21,1701,4
21,200,5
21,1689,5
21,1992,5
21,1850,5
21,1327,5
21,1859,4
21,590,5
21,1973,5
21,482,5
21,1149,5
21,1692,1
21,424,1
21,615,1
21,1271,1
21,702,1
21,983,1
21,368,1
21,700,1
21,1434,1
21,808,1
21,94,1
21,334,1
21,58,1
21,354,1
21,1801,1
21,1026,1
21,1204,1
21,1649,1
21,148,1
22,1992,4
22,482,5
22,227,5
22,1850,4
22,351,4
22,327,5
22,1859,5
22,969,4
22,1973,5
22,562,4
22,1490,5
22,1701,5
22,1327,5
22,1149,5
22,306,5
22,360,5
22,30,5
22,1689,5
22,1668,5
22,1836,5
22,1287,5
22,160,5
22,200,5
22,1779,5
22,291,4
22,424,1
22,1096,1
22,782,1
22,1734,1
22,488,1
22,899,1
22,1977,1
22,700,1
22,32,2
22,651,2
22,1754,1
22,274,1
22,354,1
22,188,1
22,563,1
22,51,1
22,56,1
22,334,1
22,1927,1
22,1204,1
23,1850,5
23,113,5
23,1859,5
23,1779,5
23,1149,5
23,1287,5
23,807,4
23,1973,4
23,351,5
23,17,5
23,872,5
23,160,5
23,1568,4
23,306,5
23,30,5
23,10,4
23,482,5
23,1949,5
23,1327,5
23,392,5
23,1378,5
23,1701,5
23,562,4
23,590,5
23,1247,5
23,1802,1
23,1271,1
23,700,1
23,54,1
23,1265,1
23,782,1
23,332,1
23,899,1
23,651,1
23,1602,2
23,880,1
23,1927,1
23,563,1
23,334,1
23,5,2
23,1801,1
23,1204,1
23,56,1
23,1026,1
23,1560,1
24,1265,5
24,1045,5
24,465,5
24,782,4
24,1434,4
24,1888,5
24,1977,5
24,32,5
24,416,5
24,102,5
24,1271,5
24,1602,5
24,615,5
24,912,5
24,124,5
24,808,5
24,899,5
24,700,5
24,229,5
24,1061,5
24,332,5
24,297,5
24,1692,5
24,54,5
24,1595,5
24,5,1
24,563,2
24,1451,1
24,1188,1
24,1801,1
24,148,1
24,1085,1
24,982,1
24,188,1
24,1818,1
24,1560,1
24,843,1
24,51,1
24,1927,1
24,327,1
24,360,1
24,1973,1
24,1568,1
24,872,2
24,351,2
24,113,1
24,1287,1
24,17,1
24,1850,1
25,1701,5
25,1276,4
25,1859,5
25,1992,5
25,1287,4
25,306,5
25,872,5
25,113,5
25,1149,5
25,1949,5
25,1689,5
25,1836,5
25,1327,5
25,590,5
25,807,5
25,160,5
25,351,5
25,1850,5
25,1973,4
25,969,4
25,1967,5
25,1885,5
25,482,5
25,1490,5
25,562,5
25,488,1
25,899,1
25,1265,1
25,297,2
25,1434,1
25,1602,1
25,54,1
25,416,1
25,1888,1
25,1734,1
25,1026,1
25,1867,1
25,334,1
25,136,1
25,880,1
25,1818,1
25,69,1
25,1801,1
25,1560,1
26,1188,5
26,5,5
26,354,5
26,1560,4
26,1204,5
26,136,5
26,437,5
26,1500,5
26,1649,5
26,188,5
26,56,5
26,880,4
26,51,5
26,982,5
26,69,5
26,1754,5
26,1801,5
26,1818,5
26,1026,5
26,678,5
26,58,4
26,1938,4
26,274,5
26,843,5
26,1927,5
26,416,1
26,465,1
26,1595,1
26,1734,1
26,1271,1
26,702,1
26,782,1
26,102,2
26,54,1
26,368,1
26,229,1
26,332,1
26,1045,1
26,297,2
26,1434,1
26,590,1
26,1701,1
26,1276,1
26,327,1
26,160,1
26,30,1
26,807,1
26,1949,2
26,392,1
26,1149,1
27,392,5
27,1992,5
27,327,5
27,1689,5
27,1701,5
27,807,5
27,1247,5
27,562,5
27,17,5
27,590,4
27,113,5
27,1973,5
27,1568,5
27,1378,5
27,1668,5
27,872,4
27,1287,5
27,482,5
27,969,5
27,1276,5
27,291,5
27,1836,5
27,1967,4
27,1850,5
27,30,4
27,54,1
27,1271,1
27,615,1
27,808,1
27,488,1
27,229,1
27,1802,1
27,416,1
27,32,1
27,297,1
27,1085,1
27,1188,1
27,1500,1
27,563,1
27,51,1
27,1451,1
27,1204,1
27,94,1
27,334,1
27,437,1
28,1973,5
28,1689,5
28,351,5
28,1287,5
28,1850,5
28,17,5
28,1779,5
28,969,5
28,1247,5
28,1992,5
28,562,4
28,1490,5
28,1701,5
28,327,4
28,227,5
28,1668,4
28,1378,5
28,360,5
28,30,5
28,160,5
28,200,5
28,291,5
28,1885,5
28,1327,5
28,306,5
28,728,1
28,297,1
28,899,1
28,1602,1
28,912,1
28,702,1
28,229,1
28,332,2
28,488,1
28,416,1
28,1938,1
28,563,1
28,148,1
28,1500,1
28,1434,1
28,1085,1
28,1867,1
28,437,1
28,354,1
28,1754,1
29,983,5
29,102,5
29,229,5
29,1539,5
29,1061,5
29,615,5
29,1434,5
29,54,5
29,124,5
29,1096,5
29,368,4
29,424,5
29,1595,5
29,1602,5
29,1692,5
29,32,5
29,488,5
29,1265,5
29,297,5
29,651,4
29,1734,5
29,808,5
29,1977,5
29,702,5
29,465,5
29,982,1
29,56,1
29,1560,1
29,1754,1
29,1188,1
29,136,1
29,188,1
29,354,1
29,843,1
29,880,1
29,58,1
29,678,1
29,334,1
29,1085,1
29,482,2
29,969,1
29,327,1
29,30,1
29,1949,1
29,1836,1
29,1276,1
29,1973,1
29,1378,1
29,392,1
30,1692,4
30,1096,5
30,1602,5
30,1045,5
30,782,4
30,424,5
30,297,5
30,700,4
30,32,5
30,1539,5
30,728,5
30,488,5
30,1271,5
30,465,5
30,702,5
30,124,5
30,808,5
30,1265,5
30,102,5
30,615,5
30,1888,5
30,1434,5
30,651,5
30,1595,5
30,899,5
30,188,1
30,136,1
30,5,1
30,431,2
30,274,1
30,1754,1
30,1451,1
30,1927,1
30,1938,1
30,880,1
30,69,1
30,1500,1
30,148,2
30,51,1
30,1668,1
30,872,1
30,30,1
30,1992,2
30,1247,2
30,1287,1
30,1836,2
30,1967,1
30,10,1
30,392,1
31,1434,5
31,1237,5
31,563,5
31,51,5
31,148,5
31,1500,5
31,431,5
31,136,5
31,1801,5
31,880,5
31,1818,5
31,1204,4
31,35,5
31,1867,5
31,843,4
31,1927,5
31,334,5
31,1754,5
31,437,5
31,1026,4
31,5,5
31,1649,5
31,1085,5
31,1938,5
31,94,5
31,1061,2
31,1802,1
31,983,1
31,1977,1
31,488,1
31,782,1
31,728,1
31,702,1
31,808,1
31,1096,1
31,1595,1
31,1602,2
31,416,1
31,465,1
31,124,1
31,200,1
31,291,1
31,1701,1
31,1689,1
31,872,1
31,807,1
31,327,1
31,1247,1
31,1949,1
31,160,1
32,1888,4
32,899,5
32,782,5
32,651,4
32,1977,4
32,1802,5
32,54,5
32,1602,5
32,1539,5
32,332,5
32,1265,5
32,297,5
32,124,5
32,728,4
32,1271,5
32,424,5
32,808,5
32,368,5
32,1061,5
32,700,5
32,102,4
32,1734,5
32,32,5
32,488,5
32,1692,5
32,982,1
32,431,1
32,1188,1
32,1801,2
32,880,1
32,1237,1
32,1085,1
32,1026,1
32,136,2
32,35,2
32,1927,1
32,334,1
32,1560,1
32,1754,1
32,51,1
32,1967,1
32,562,1
32,200,1
32,1668,1
32,291,1
32,1378,1
32,10,1
32,1836,1
32,807,1
32,351,1
33,160,5
33,360,5
33,872,5
33,482,5
33,1850,4
33,590,5
33,1378,5
33,1276,5
33,200,4
33,1701,5
33,327,5
33,392,5
33,1287,5
33,113,5
33,807,5
33,1885,5
33,1149,5
33,1992,5
33,562,4
33,351,5
33,969,5
33,1247,5
33,1668,5
33,1973,5
33,227,5
33,488,1
33,1539,1
33,332,1
33,808,1
33,297,1
33,1888,1
33,102,1
33,54,2
33,1602,1
33,229,1
33,1754,2
33,1938,1
33,1560,1
33,56,2
33,148,2
33,843,1
33,1927,1
33,1026,1
33,58,1
33,1434,1
34,1836,5
34,1949,5
34,30,5
34,1885,5
34,482,5
34,807,4
34,1276,5
34,291,5
34,1247,5
34,1149,5
34,590,5
34,1490,5
34,1689,5
34,1327,5
34,10,4
34,562,5
34,227,5
34,1701,5
34,1973,5
34,327,4
34,306,5
34,1568,5
34,200,5
34,1287,5
34,969,4
34,488,1
34,1096,1
34,808,1
34,368,1
34,728,1
34,1271,1
34,1602,1
34,983,1
34,229,1
34,702,1
34,188,1
34,563,1
34,1451,1
34,678,1
34,274,1
34,1237,1
34,1754,1
34,431,1
34,1434,2
34,1818,1
35,1850,4
35,1247,5
35,10,4
35,1568,4
35,1967,5
35,1287,5
35,227,5
35,1689,5
35,1327,4
35,392,5
35,1949,5
35,1859,5
35,306,5
35,160,5
35,872,5
35,1149,5
35,1378,5
35,1779,5
35,327,5
35,1668,5
35,360,5
35,969,4
35,291,4
35,562,4
35,17,4
35,32,1
35,1045,1
35,700,1
35,782,2
35,1802,2
35,54,1
35,912,2
35,368,1
35,1595,1
35,728,1
35,431,1
35,334,1
35,843,1
35,1085,1
35,354,1
35,1754,1
35,1237,2
35,880,1
35,678,1
35,1560,2
36,1602,5
36,1888,5
36,488,5
36,1434,4
36,1802,5
36,1595,5
36,1265,5
36,1045,5
36,424,5
36,728,5
36,297,5
36,983,4
36,1734,5
36,912,5
36,615,5
36,702,4
36,1271,5
36,124,5
36,102,5
36,465,5
36,416,5
36,899,4
36,332,5
36,651,4
36,782,5
36,5,1
36,1867,1
36,843,1
36,1801,1
36,1188,1
36,354,1
36,1927,1
36,1026,1
36,1451,1
36,1500,1
36,274,1
36,69,1
36,1818,1
36,1754,1
36,431,1
36,291,1
36,360,1
36,1247,1
36,1668,1
36,227,1
36,590,1
36,1568,1
36,392,1
36,1949,1
36,306,1
37,1276,5
37,1378,4
37,1287,5
37,10,5
37,200,5
37,1836,5
37,590,5
37,1490,5
37,392,5
37,1701,4
37,1568,5
37,227,5
37,1859,5
37,1967,5
37,30,5
37,1850,5
37,1247,5
37,113,4
37,1885,5
37,1668,4
37,17,5
37,1949,5
37,291,4
37,327,5
37,1973,5
37,1045,1
37,728,1
37,332,1
37,124,1
37,32,1
37,808,1
37,615,1
37,700,2
37,1061,1
37,899,2
37,1801,1
37,69,1
37,1085,1
37,678,1
37,274,1
37,431,1
37,843,1
37,1867,2
37,1560,1
37,1188,1
38,368,5
38,424,5
38,1888,4
38,808,5
38,229,5
38,700,5
38,102,5
38,124,5
38,54,5
38,782,4
38,332,4
38,1734,5
38,488,5
38,651,5
38,1265,5
38,912,5
38,416,5
38,1595,5
38,1061,5
38,728,5
38,1692,5
38,1539,5
38,702,5
38,1271,4
38,1045,5
38,334,2
38,1927,1
38,563,1
38,1867,1
38,354,1
38,1434,1
38,982,1
38,56,1
38,274,1
38,188,1
38,1938,1
38,678,1
38,1500,2
38,1754,1
38,94,1
38,1992,1
38,10,1
38,1836,1
38,482,1
38,872,1
38,306,1
38,1247,1
38,327,1
38,227,1
38,392,1
39,728,5
39,1888,4
39,124,5
39,332,5
39,368,5
39,1265,5
39,424,4
39,983,5
39,1595,5
39,1539,5
39,1802,4
39,912,5
39,899,5
39,1096,5
39,229,5
39,782,5
39,651,5
39,1977,5
39,1692,5
39,1061,5
39,1602,5
39,702,5
39,1734,5
39,488,5
39,700,4
39,1938,1
39,1649,1
39,58,1
39,1801,1
39,1754,1
39,437,1
39,1867,1
39,982,1
39,1927,1
39,1500,1
39,880,1
39,354,2
39,1204,1
39,431,1
39,1026,1
39,1327,2
39,306,1
39,30,1
39,1701,1
39,1859,1
39,160,1
39,1490,1
39,1779,1
39,200,1
39,1689,1
40,1276,5
40,562,4
40,872,5
40,10,5
40,392,4
40,227,5
40,482,5
40,1490,5
40,17,4
40,1967,5
40,351,5
40,327,5
40,30,5
40,1859,5
40,1885,5
40,1668,5
40,1689,5
40,306,5
40,160,4
40,200,5
40,1149,4
40,1992,5
40,1836,5
40,360,4
40,590,5
40,728,1
40,465,1
40,782,1
40,1096,1
40,899,2
40,651,1
40,54,1
40,1271,1
40,1434,1
40,700,1
40,35,1
40,1026,1
40,1938,1
40,1927,2
40,982,1
40,1085,1
40,1867,1
40,56,1
40,1754,1
40,1451,1
41,1802,5
41,416,5
41,912,5
41,615,5
41,1595,5
41,465,5
41,1096,5
41,332,5
41,297,5
41,229,4
41,702,5
41,1434,5
41,1265,4
41,424,4
41,32,5
41,368,5
41,700,5
41,1271,5
41,1539,5
41,782,5
41,651,4
41,488,5
41,1692,4
41,983,5
41,1734,4
41,982,2
41,188,1
41,1867,1
41,1188,1
41,334,1
41,1938,1
41,1237,2
41,563,1
41,880,1
41,1500,1
41,1451,1
41,1560,1
41,431,1
41,274,1
41,1085,1
41,1949,1
41,200,1
41,1836,1
41,872,1
41,1490,1
41,562,1
41,360,1
41,1885,2
41,1668,1
41,1276,1
42,465,5
42,1271,5
42,1977,5
42,1096,5
42,899,5
42,700,5
42,983,5
42,912,4
42,32,4
42,416,5
42,1434,4
42,1888,4
42,488,5
42,1734,5
42,702,5
42,1061,4
42,782,5
42,1602,5
42,615,4
42,368,5
42,424,4
42,1265,5
42,54,5
42,808,4
42,1539,5
42,5,1
42,1188,1
42,136,1
42,1801,1
42,1451,1
42,843,1
42,678,2
42,58,2
42,1754,1
42,188,1
42,274,1
42,148,1
42,69,1
42,51,1
42,1867,1
42,1287,1
42,17,1
42,1779,1
42,360,1
42,1149,1
42,1490,1
42,306,1
42,227,2
42,1949,2
42,1850,1
43,1602,5
43,32,5
43,899,4
43,416,5
43,1692,5
43,1061,5
43,1595,5
43,782,5
43,700,4
43,1977,5
43,1888,5
43,102,4
43,1265,5
43,983,5
43,1539,4
43,229,5
43,1045,5
43,615,5
43,297,4
43,1271,4
43,1802,5
43,54,5
43,1434,5
43,1734,5
43,124,4
43,1649,1
43,56,1
43,880,1
43,1801,1
43,136,2
43,69,1
43,1451,1
43,274,1
43,148,1
43,354,1
43,563,1
43,843,1
43,51,1
43,5,1
43,94,1
43,227,1
43,1850,1
43,306,1
43,200,1
43,1276,1
43,1967,1
43,1689,1
43,1701,1
43,1885,1
43,872,1
44,51,4
44,136,5
44,880,5
44,1188,5
44,148,4
44,563,5
44,69,4
44,1801,5
44,1818,5
44,1204,5
44,1754,5
44,5,5
44,1560,5
44,35,5
44,1026,4
44,1237,5
44,1927,5
44,58,5
44,1451,5
44,94,5
44,1867,5
44,678,5
44,1938,5
44,1434,5
44,354,5
44,424,2
44,1888,1
44,1802,1
44,912,1
44,32,1
44,700,1
44,728,1
44,1539,1
44,1061,1
44,782,1
44,124,1
44,102,1
44,229,1
44,1602,2
44,615,1
44,590,1
44,1701,1
44,17,1
44,360,1
44,1859,1
44,1568,1
44,291,1
44,1689,1
44,1247,1
44,113,1
45,563,5
45,188,4
45,880,4
45,1188,5
45,1938,4
45,274,5
45,51,5
45,678,5
45,148,5
45,1560,5
45,1434,5
45,1754,5
45,1237,5
45,136,5
45,5,5
45,1818,4
45,1649,5
45,437,5
45,334,5
45,56,5
45,1500,5
45,1801,4
45,58,5
45,1204,5
45,843,5
45,782,1
45,615,1
45,899,1
45,651,1
45,465,1
45,1096,1
45,983,2
45,1045,1
45,728,1
45,808,1
45,416,1
45,1595,1
45,229,1
45,1602,1
45,702,2
45,1850,1
45,1885,1
45,1779,1
45,562,2
45,351,1
45,1378,1
45,200,1
45,10,1
45,1327,1
45,1949,1
46,58,4
46,1867,5
46,1237,5
46,69,5
46,678,5
46,1026,5
46,843,5
46,982,5
46,1754,5
46,148,5
46,94,5
46,5,5
46,334,4
46,1451,5
46,274,5
46,1500,5
46,880,5
46,1801,5
46,1560,5
46,56,5
46,563,5
46,51,5
46,431,5
46,1927,5
46,1434,5
46,983,1
46,32,1
46,416,1
46,368,1
46,102,1
46,1539,1
46,1692,1
46,54,1
46,332,1
46,297,1
46,782,1
46,615,1
46,651,1
46,1602,1
46,1734,1
46,10,1
46,30,1
46,360,1
46,291,1
46,1701,1
46,1568,1
46,590,1
46,562,2
46,327,1
46,1378,1
47,54,5
47,332,5
47,1539,5
47,1096,4
47,700,5
47,1045,5
47,1061,5
47,1434,4
47,782,5
47,651,4
47,229,5
47,124,4
47,983,5
47,1977,5
47,1692,5
47,424,5
47,488,5
47,702,5
47,102,5
47,912,5
47,1734,5
47,808,5
47,297,5
47,465,4
47,615,5
47,35,1
47,982,1
47,69,1
47,1754,1
47,354,2
47,678,2
47,1938,1
47,334,1
47,437,1
47,843,1
47,1026,1
47,1204,1
47,1085,1
47,94,1
47,327,1
47,1885,1
47,1701,1
47,1967,1
47,482,1
47,1327,2
47,1378,2
47,1668,1
47,807,1
47,291,1
48,808,5
48,54,4
48,700,5
48,488,5
48,1096,5
48,899,5
48,1265,4
48,983,4
48,912,4
48,1045,5
48,229,5
48,102,4
48,1595,5
48,368,4
48,424,5
48,1977,5
48,1061,5
48,1602,5
48,1539,5
48,1802,4
48,297,5
48,1692,5
48,465,5
48,416,5
48,32,5
48,437,1
48,1927,1
48,1801,1
48,274,1
48,431,1
48,1500,1
48,982,1
48,1560,1
48,1026,1
48,880,1
48,1451,1
48,1434,1
48,334,1
48,563,1
48,354,1
48,327,2
48,590,1
48,1836,1
48,807,1
48,17,1
48,306,1
48,351,1
48,30,1
48,200,1
48,1885,1
49,58,5
49,1188,5
49,5,5
49,1927,5
49,880,5
49,35,5
49,437,5
49,431,5
49,1237,4
49,274,4
49,188,5
49,843,5
49,136,5
49,334,5
49,1026,5
49,1801,5
49,1434,5
49,1204,5
49,1500,5
49,678,5
49,563,5
49,1649,5
49,1754,5
49,56,5
49,1938,5
49,1977,1
49,54,2
49,488,1
49,368,1
49,465,1
49,102,1
49,702,1
49,1802,1
49,1692,1
49,1271,1
49,912,1
49,615,1
49,1061,1
49,808,1
49,1779,1
49,1967,1
49,360,1
49,306,1
49,1668,1
49,227,1
49,1327,1
49,872,1
49,1568,1
49,1973,1
50,54,4
50,1265,5
50,912,5
50,465,5
50,615,5
50,32,5
50,899,5
50,1096,5
50,1602,5
50,1692,5
50,368,5
50,102,5
50,651,4
50,124,5
50,1434,5
50,1061,5
50,1977,5
50,808,5
50,1734,5
50,1595,5
50,782,5
50,332,5
50,416,5
50,488,5
50,297,5
50,1754,1
50,1500,1
50,188,1
50,94,1
50,5,1
50,982,2
50,1560,1
50,563,1
50,880,1
50,35,1
50,1867,1
50,437,1
50,58,1
50,1649,1
50,1927,1
50,562,2
50,200,1
50,1949,1
50,10,1
50,872,1
50,1850,1
50,306,1
50,160,1
50,1885,1
50,1568,1
51,113,5
51,17,5
51,562,5
51,1836,5
51,1568,5
51,1779,5
51,200,5
51,306,5
51,291,5
51,590,5
51,360,5
51,969,5
51,1689,5
51,1850,5
51,1859,5
51,392,5
51,1967,5
51,1668,4
51,1276,4
51,1973,5
51,1378,5
51,10,5
51,1949,5
51,1287,5
51,482,5
51,702,1
51,1539,1
51,488,1
51,912,2
51,54,1
51,1977,1
51,1265,1
51,1434,1
51,1734,1
51,416,1
51,1801,1
51,1451,1
51,563,1
51,1204,1
51,1500,1
51,1649,1
51,51,1
51,1237,1
51,1938,1
51,880,1
52,32,5
52,808,5
52,1271,5
52,899,4
52,368,5
52,102,4
52,229,5
52,54,5
52,332,5
52,1602,5
52,728,5
52,1802,5
52,1734,5
52,1265,5
52,983,5
52,465,4
52,424,4
52,1096,5
52,651,5
52,1434,5
52,297,5
52,1061,5
52,912,5
52,1888,5
52,782,5
52,35,1
52,1188,1
52,1204,2
52,1754,2
52,1237,1
52,334,1
52,58,1
52,1026,2
52,148,1
52,354,1
52,843,1
52,1085,1
52,1938,1
52,678,1
52,1967,1
52,10,1
52,1149,1
52,227,1
52,30,1
52,562,2
52,1973,1
52,1568,1
52,360,1
52,807,1
53,360,4
53,306,5
53,562,5
53,200,5
53,482,5
53,1149,5
53,160,5
53,1992,5
53,1859,5
53,10,5
53,113,4
53,872,5
53,1668,5
53,1287,4
53,1701,5
53,1850,4
53,1967,5
53,1247,4
53,807,5
53,1490,5
53,1689,5
53,227,5
53,1378,5
53,1973,5
53,1327,5
53,465,1
53,102,1
53,424,1
53,1888,1
53,1595,1
53,899,1
53,1602,1
53,368,1
53,615,1
53,488,1
53,188,1
53,1754,1
53,437,2
53,843,1
53,51,1
53,1938,1
53,69,2
53,334,1
53,1451,1
53,354,1
54,782,5
54,229,5
54,368,5
54,728,5
54,32,4
54,488,5
54,808,5
54,1539,5
54,1434,4
54,54,5
54,1888,5
54,416,5
54,1265,5
54,297,5
54,124,5
54,1595,5
54,1096,4
54,332,5
54,615,4
54,983,5
54,1734,5
54,465,5
54,1061,5
54,1602,5
54,912,5
54,1927,1
54,94,1
54,69,1
54,334,1
54,1237,1
54,563,1
54,136,1
54,1560,1
54,431,1
54,58,1
54,1867,1
54,678,1
54,274,1
54,354,1
54,1026,1
54,1949,1
54,590,2
54,200,2
54,1378,1
54,351,1
54,1149,1
54,160,1
54,17,1
54,291,1
54,1859,1
55,1649,5
55,1560,4
55,35,5
55,880,5
55,431,4
55,1026,5
55,1204,5
55,1237,5
55,1867,5
55,678,5
55,188,5
55,148,5
55,1434,5
55,5,5
55,94,5
55,437,5
55,51,5
55,1754,4
55,982,5
55,1927,5
55,1451,5
55,1085,5
55,843,5
55,1818,5
55,69,5
55,1096,1
55,332,1
55,416,1
55,1802,1
55,899,1
55,1602,2
55,229,1
55,1692,1
55,1271,1
55,700,1
55,1539,1
55,651,1
55,1595,1
55,1888,1
55,200,1
55,1949,2
55,1701,1
55,1327,1
55,1779,1
55,1149,1
55,160,1
55,1859,1
55,969,1
55,17,1
56,1888,5
56,124,5
56,899,5
56,32,5
56,1595,4
56,102,5
56,1271,5
56,54,5
56,297,5
56,416,5
56,368,5
56,1434,4
56,615,5
56,651,5
56,808,5
56,1045,5
56,424,5
56,728,4
56,1692,5
56,1061,4
56,229,5
56,488,5
56,700,4
56,1602,5
56,1802,4
56,437,2
56,136,1
56,563,1
56,51,2
56,1938,1
56,35,1
56,1927,1
56,1818,1
56,334,1
56,1237,1
56,56,2
56,94,2
56,431,2
56,1500,1
56,58,1
56,590,1
56,1701,1
56,1992,1
56,872,1
56,1568,1
56,1836,1
56,969,1
56,10,1
56,1949,1
56,1967,1
57,808,5
57,32,5
57,102,4
57,1434,5
57,1265,5
57,297,4
57,1888,5
57,1734,5
57,229,5
57,615,5
57,651,5
57,1977,5
57,1595,5
57,1271,5
57,700,5
57,368,5
57,782,5
57,1061,5
57,1539,5
57,424,4
57,465,5
57,702,5
57,332,4
57,1096,5
57,983,5
57,354,1
57,982,1
57,431,1
57,1938,1
57,1085,1
57,1026,1
57,5,1
57,94,1
57,274,1
57,563,1
57,58,1
57,334,1
57,1204,1
57,1451,1
57,1701,1
57,200,1
57,1859,1
57,1668,1
57,392,1
57,351,1
57,562,2
57,113,2
57,590,1
57,969,1
58,188,4
58,1938,5
58,136,5
58,1434,5
58,880,5
58,51,5
58,1500,5
58,1204,5
58,1867,4
58,437,5
58,58,5
58,1026,5
58,1927,5
58,678,4
58,1188,5
58,334,5
58,354,5
58,1560,5
58,69,5
58,1085,5
58,1649,4
58,1818,5
58,1451,5
58,563,4
58,1754,5
58,1692,1
58,1096,1
58,912,1
58,416,1
58,124,1
58,424,1
58,1045,1
58,651,1
58,32,1
58,782,1
58,1539,1
58,332,1
58,1061,1
58,368,1
58,562,1
58,872,1
58,1490,1
58,1701,1
58,306,1
58,360,1
58,1689,1
58,1992,1
58,113,1
58,1836,1
59,590,5
59,1668,5
59,1378,5
59,1568,5
59,1276,4
59,1327,4
59,113,5
59,1836,5
59,306,5
59,562,5
59,1689,5
59,1992,5
59,17,5
59,1885,5
59,1967,5
59,969,5
59,872,5
59,1859,5
59,482,5
59,1149,5
59,1973,4
59,360,5
59,227,4
59,30,5
59,1779,5
59,700,1
59,1539,1
59,899,1
59,102,1
59,702,1
59,416,1
59,615,1
59,1434,1
59,651,1
59,1271,1
59,188,1
59,843,1
59,1237,1
59,1801,1
59,35,1
59,1500,1
59,1649,2
59,1867,1
59,431,1
60,437,5
60,58,5
60,1500,5
60,136,4
60,880,5
60,1649,5
60,69,4
60,1434,4
60,982,5
60,35,5
60,1801,5
60,1237,4
60,5,5
60,148,5
60,1188,5
60,843,4
60,563,5
60,1026,5
60,678,5
60,1927,4
60,51,5
60,1754,5
60,1085,5
60,1818,5
60,1560,5
60,54,1
60,1539,1
60,229,1
60,297,1
60,1045,1
60,465,1
60,1802,1
60,1265,1
60,615,1
60,1061,1
60,912,1
60,1602,1
60,782,1
60,899,1
60,488,2
60,1850,1
60,562,1
60,1992,1
60,590,1
60,1885,1
60,327,1
60,160,1
60,30,1
60,1689,1
60,10,1
61,1689,5
61,30,4
61,1850,4
61,1568,4
61,562,5
61,360,5
61,200,4
61,590,4
61,1327,5
61,17,5
61,291,5
61,227,5
61,306,4
61,1668,5
61,1949,5
61,969,5
61,1701,5
61,1836,5
61,351,4
61,1967,4
61,482,5
61,1490,5
61,872,5
61,113,5
61,160,5
61,912,1
61,615,1
61,1045,1
61,1977,1
61,1265,1
61,416,1
61,1539,2
61,54,1
61,1271,1
61,1434,1
61,843,1
61,94,1
61,1927,1
61,563,1
61,1500,1
61,1818,1
61,1204,1
61,1188,1
61,1649,1
61,678,1
62,1287,5
62,1859,4
62,1779,4
62,1378,5
62,327,5
62,1701,5
62,1949,5
62,113,5
62,1568,5
62,1850,4
62,1490,4
62,1247,5
62,482,5
62,1668,5
62,1689,5
62,30,5
62,10,5
62,1276,5
62,969,5
62,1973,5
62,160,5
62,1992,5
62,872,5
62,1967,5
62,306,4
62,1434,1
62,651,1
62,1061,1
62,1888,1
62,1692,1
62,782,1
62,728,1
62,424,1
62,229,1
62,912,1
62,136,1
62,69,1
62,58,1
62,431,1
62,1867,1
62,1188,1
62,274,1
62,1649,1
62,1237,1
63,590,4
63,1276,5
63,200,5
63,807,5
63,1859,5
63,160,5
63,1287,5
63,1779,5
63,1149,5
63,1967,5
63,1689,5
63,1378,5
63,1836,4
63,1327,5
63,1973,5
63,327,5
63,227,5
63,360,4
63,1701,5
63,969,4
63,1490,5
63,482,5
63,1568,5
63,306,5
63,1885,5
63,1061,1
63,1265,1
63,124,1
63,1539,1
63,782,1
63,1602,1
63,424,1
63,615,2
63,416,1
63,465,1
63,1451,1
63,274,1
63,563,1
63,1867,1
63,1801,1
63,1938,1
63,678,1
63,1204,1
63,843,1
63,880,1
64,102,5
64,465,5
64,1692,5
64,912,4
64,808,5
64,32,5
64,983,4
64,700,4
64,899,5
64,1888,5
64,424,5
64,1595,4
64,615,5
64,1096,5
64,416,5
64,1734,4
64,728,5
64,297,5
64,1061,5
64,1045,4
64,1602,5
64,1539,5
64,332,5
64,488,5
64,1977,5
64,1754,1
64,843,1
64,35,1
64,431,1
64,1818,1
64,334,1
64,69,1
64,1500,1
64,1649,1
64,94,1
64,437,1
64,1801,1
64,136,1
64,880,1
64,1867,1
64,1287,2
64,1949,1
64,1701,1
64,17,1
64,360,1
64,1973,1
64,227,1
64,969,1
64,562,1
64,1836,1
65,1779,5
65,30,5
65,1973,4
65,1836,5
65,1859,4
65,113,5
65,1701,5
65,1149,5
65,562,5
65,1992,5
65,306,5
65,1967,5
65,1287,5
65,590,5
65,1949,5
65,1885,4
65,872,4
65,351,4
65,327,4
65,807,5
65,291,5
65,160,5
65,392,5
65,482,5
65,17,5
65,912,2
65,808,2
65,702,1
65,1888,1
65,782,1
65,1539,1
65,229,1
65,488,1
65,1692,1
65,1977,1
65,678,1
65,1451,1
65,35,1
65,334,1
65,1188,2
65,431,1
65,1560,1
65,94,1
65,69,1
65,1085,1
66,424,5
66,1602,5
66,1265,4
66,782,5
66,651,5
66,1888,4
66,808,5
66,983,5
66,332,5
66,416,5
66,297,4
66,32,5
66,1977,5
66,124,5
66,1802,4
66,102,5
66,368,5
66,1096,5
66,700,5
66,899,5
66,912,5
66,615,5
66,54,5
66,229,4
66,488,5
66,58,1
66,1754,1
66,1801,1
66,1649,1
66,1500,1
66,136,1
66,1818,1
66,1204,1
66,69,1
66,56,1
66,354,1
66,148,1
66,1938,1
66,678,1
66,1237,1
66,1992,1
66,807,1
66,1779,1
66,1836,1
66,351,1
66,1850,1
66,291,1
66,227,1
66,969,1
66,1859,1
67,1061,4
67,899,5
67,465,5
67,615,5
67,1595,5
67,332,5
67,1602,4
67,424,5
67,1096,5
67,782,5
67,229,5
67,1734,4
67,1045,5
67,416,5
67,808,4
67,368,4
67,54,4
67,702,5
67,912,5
67,32,5
67,1692,5
67,1802,4
67,651,5
67,1265,5
67,297,5
67,880,1
67,1754,1
67,1085,1
67,56,1
67,1938,1
67,1927,1
67,1500,1
67,354,1
67,188,1
67,982,1
67,1818,1
67,334,1
67,69,1
67,1560,1
67,437,1
67,30,2
67,160,1
67,1327,1
67,1247,1
67,872,1
67,562,1
67,1973,1
67,1859,1
67,327,1
67,360,1
68,912,5
68,1096,5
68,32,5
68,700,5
68,1802,5
68,1271,5
68,54,5
68,782,4
68,1434,4
68,124,4
68,424,4
68,899,5
68,102,5
68,465,5
68,488,5
68,416,5
68,1888,4
68,615,5
68,368,5
68,702,5
68,983,5
68,651,5
68,297,5
68,728,5
68,1539,5
68,1867,1
68,1451,2
68,1204,1
68,56,2
68,1938,1
68,843,1
68,1649,2
68,35,1
68,1754,1
68,1500,1
68,431,1
68,354,1
68,1801,1
68,563,1
68,113,1
68,1378,1
68,10,2
68,392,1
68,1247,1
68,30,1
68,1689,1
68,1967,1
68,590,2
68,291,1
69,424,4
69,32,5
69,1271,5
69,702,5
69,1595,5
69,1802,5
69,615,5
69,1096,4
69,488,5
69,368,5
69,1061,4
69,416,5
69,899,5
69,54,5
69,1734,5
69,124,4
69,782,4
69,297,5
69,651,5
69,728,5
69,229,5
69,1265,5
69,465,4
69,1602,4
69,1692,5
69,1085,1
69,880,1
69,1927,1
69,136,1
69,431,1
69,1451,1
69,1434,1
69,678,1
69,69,1
69,437,1
69,1500,1
69,1026,1
69,58,1
69,274,1
69,1204,1
69,360,1
69,1287,1
69,807,1
69,482,1
69,327,1
69,1378,1
69,969,1
69,1247,1
69,1992,2
69,1850,1
70,1668,5
70,1327,5
70,30,5
70,1490,5
70,1967,5
70,306,5
70,360,4
70,562,5
70,17,4
70,227,5
70,1287,5
70,1859,5
70,1568,5
70,10,5
70,351,5
70,969,5
70,1689,4
70,200,5
70,1378,5
70,1701,5
70,590,5
70,392,5
70,807,5
70,1992,5
70,872,5
70,1692,1
70,615,2
70,368,1
70,424,1
70,297,1
70,808,1
70,465,2
70,899,1
70,702,1
70,332,1
70,880,1
70,1867,2
70,1204,1
70,1451,1
70,148,1
70,1801,1
70,1754,1
70,843,1
70,136,2
70,437,1
71,1885,4
71,10,5
71,1327,5
71,1668,4
71,1247,5
71,30,5
71,1850,5
71,1836,5
71,160,5
71,392,5
71,351,4
71,590,5
71,1568,5
71,306,4
71,1689,5
71,1779,5
71,113,5
71,1378,5
71,969,5
71,1973,5
71,1490,5
71,872,4
71,291,5
71,1149,4
71,1967,5
71,912,1
71,1977,1
71,728,1
71,615,2
71,1802,1
71,1539,1
71,368,1
71,297,1
71,229,1
71,782,1
71,274,2
71,35,1
71,1818,1
71,1560,1
71,354,1
71,1204,1
71,5,1
71,1188,1
71,437,1
71,1927,1
72,1754,5
72,437,5
72,1938,5
72,1927,5
72,1500,5
72,148,5
72,1451,5
72,1867,5
72,51,4
72,136,4
72,188,5
72,431,5
72,1649,5
72,35,5
72,1237,5
72,880,4
72,1801,5
72,354,5
72,982,5
72,678,4
72,69,5
72,1085,5
72,56,4
72,1818,4
72,94,5
72,465,2
72,1539,1
72,297,2
72,416,1
72,1802,1
72,702,1
72,1977,2
72,332,1
72,54,1
72,912,1
72,899,1
72,1045,1
72,1271,1
72,424,1
72,1265,1
72,291,1
72,1992,1
72,1490,1
72,1276,1
72,1779,2
72,160,1
72,1949,1
72,1973,1
72,1378,1
72,1668,1
73,482,4
73,969,5
73,1992,4
73,200,5
73,10,5
73,1885,5
73,291,5
73,306,4
73,1378,5
73,30,4
73,1668,5
73,351,4
73,590,5
73,1247,5
73,227,5
73,1689,5
73,1149,5
73,1568,4
73,872,5
73,327,4
73,113,5
73,1490,5
73,392,5
73,1836,5
73,1949,5
73,702,1
73,983,1
73,297,1
73,368,1
73,1096,1
73,899,1
73,54,1
73,416,2
73,124,1
73,229,1
73,1801,1
73,1085,1
73,1188,1
73,354,1
73,1560,1
73,982,1
73,678,1
73,1927,1
73,1451,1
73,1938,2
74,368,5
74,1802,5
74,1271,5
74,1602,5
74,808,5
74,728,5
74,615,5
74,1539,4
74,983,5
74,124,5
74,700,5
74,899,5
74,54,5
74,465,5
74,1692,5
74,702,5
74,102,5
74,1045,5
74,424,5
74,32,5
74,1434,4
74,912,5
74,1734,5
74,488,4
74,332,5
74,1560,1
74,678,1
74,1085,1
74,1237,1
74,1204,1
74,1927,1
74,431,1
74,1500,1
74,563,1
74,58,1
74,1754,1
74,35,1
74,1451,1
74,334,1
74,94,2
74,30,2
74,807,1
74,200,1
74,306,1
74,10,1
74,1378,1
74,969,1
74,1490,1
74,1689,1
74,1992,1
75,334,5
75,51,4
75,1500,5
75,843,5
75,1818,5
75,1026,4
75,678,5
75,1649,4
75,563,5
75,69,5
75,148,4
75,1204,5
75,56,5
75,1560,5
75,1927,5
75,880,5
75,1237,5
75,94,5
75,1754,5
75,5,5
75,1434,5
75,58,5
75,274,4
75,1938,5
75,437,4
75,1888,1
75,297,1
75,1595,2
75,912,1
75,728,1
75,332,1
75,700,1
75,368,1
75,102,1
75,1692,1
75,1802,1
75,615,1
75,899,1
75,229,1
75,424,1
75,392,1
75,482,1
75,872,1
75,1568,1
75,1836,1
75,590,1
75,1689,1
75,1859,1
75,1701,1
75,291,1
76,1539,5
76,465,5
76,1271,5
76,1061,5
76,332,5
76,983,5
76,651,5
76,1434,5
76,1734,5
76,1595,5
76,229,5
76,297,5
76,424,5
76,368,5
76,54,5
76,102,5
76,1802,5
76,782,5
76,488,5
76,1888,5
76,728,5
76,416,5
76,1045,5
76,899,5
76,615,5
76,1754,1
76,51,1
76,1451,2
76,334,2
76,136,1
76,431,2
76,69,1
76,1867,1
76,58,1
76,5,1
76,1204,1
76,437,1
76,1560,1
76,35,1
76,1649,1
76,30,1
76,160,1
76,227,1
76,17,1
76,351,1
76,291,1
76,807,1
76,872,1
76,1701,1
76,10,2
77,872,5
77,807,5
77,1859,5
77,1992,5
77,1885,5
77,392,5
77,1949,4
77,306,5
77,969,5
77,227,4
77,351,5
77,200,5
77,291,5
77,327,5
77,1276,4
77,17,5
77,1287,4
77,1779,5
77,482,5
77,562,5
77,360,5
77,30,5
77,1850,5
77,590,5
77,1701,5
77,808,1
77,102,1
77,332,1
77,899,1
77,32,1
77,416,1
77,1602,2
77,424,1
77,615,1
77,651,1
77,1867,1
77,1649,1
77,51,1
77,437,1
77,5,1
77,1801,1
77,354,1
77,1927,1
77,1754,1
77,1085,1
78,899,4
78,1692,5
78,297,4
78,1802,5
78,1595,4
78,782,5
78,465,5
78,124,4
78,1977,5
78,54,5
78,229,5
78,102,5
78,1265,4
78,1539,4
78,615,5
78,1734,5
78,1096,5
78,702,5
78,1045,5
78,808,5
78,983,4
78,416,4
78,1602,4
78,368,5
78,1061,5
78,334,2
78,69,1
78,563,1
78,1818,1
78,1938,1
78,982,1
78,1927,1
78,51,1
78,1026,1
78,1801,1
78,1500,1
78,5,1
78,136,1
78,1434,2
78,1204,1
78,872,1
78,1287,1
78,1973,1
78,1568,1
78,1967,1
78,1885,1
78,327,1
78,10,1
78,1779,1
78,1859,1
79,807,5
79,1836,5
79,351,5
79,327,5
79,1378,5
79,1779,5
79,1287,5
79,1949,4
79,969,5
79,17,5
79,1668,5
79,1967,5
79,1490,5
79,1859,5
79,160,5
79,1568,5
79,306,5
79,590,5
79,227,5
79,1850,5
79,1327,5
79,1973,5
79,1701,5
79,113,5
79,1149,5
79,1734,1
79,1692,1
79,808,1
79,416,1
79,899,1
79,1061,2
79,102,1
79,488,1
79,728,1
79,1539,1
79,1867,1
79,880,2
79,334,1
79,982,1
79,437,1
79,1204,1
79,1188,1
79,1801,1
79,1938,1
79,1927,1
80,351,5
80,1568,5
80,1668,5
80,1836,5
80,1327,4
80,113,5
80,1701,5
80,200,5
80,969,4
80,590,4
80,1859,5
80,1490,5
80,1973,4
80,360,5
80,1885,5
80,482,5
80,1149,4
80,10,5
80,1850,5
80,392,4
80,17,4
80,1247,5
80,807,5
80,1949,4
80,1378,5
80,1434,1
80,1096,1
80,1888,1
80,424,1
80,700,1
80,1271,1
80,899,1
80,651,1
80,702,1
80,1061,1
80,563,1
80,431,1
80,1560,1
80,58,1
80,678,1
80,1085,1
80,1754,1
80,880,1
80,1867,1
80,148,1
81,1276,5
81,1885,5
81,1247,5
81,113,5
81,160,4
81,392,5
81,1490,5
81,1836,5
81,1779,5
81,351,5
81,1689,5
81,969,5
81,30,5
81,1568,5
81,590,5
81,482,5
81,200,5
81,306,5
81,1668,4
81,1701,5
81,1287,5
81,227,5
81,562,5
81,1967,5
81,291,4
81,808,1
81,32,1
81,488,1
81,368,1
81,332,1
81,899,1
81,297,1
81,1888,1
81,1265,1
81,1061,1
81,1649,1
81,678,1
81,1801,1
81,880,1
81,1434,1
81,563,1
81,982,1
81,1085,1
81,1560,1
81,1867,1
82,899,5
82,702,5
82,808,5
82,1271,5
82,368,5
82,1734,5
82,1061,4
82,1434,4
82,1802,5
82,615,5
82,54,4
82,465,5
82,1602,5
82,1888,5
82,488,5
82,912,5
82,424,5
82,297,5
82,728,5
82,102,5
82,1977,5
82,1265,5
82,1096,5
82,782,5
82,700,4
82,880,1
82,1560,1
82,1451,1
82,431,1
82,1938,1
82,94,1
82,678,1
82,188,2
82,1801,1
82,1085,1
82,1237,1
82,354,1
82,1026,1
82,334,1
82,69,1
82,1949,1
82,1378,2
82,1668,1
82,969,1
82,1327,1
82,1850,1
82,1836,1
82,807,2
82,360,1
82,1967,1
83,808,4
83,1977,5
83,1802,5
83,54,5
83,899,5
83,651,5
83,368,5
83,124,5
83,1271,5
83,983,5
83,416,5
83,1734,5
83,1096,5
83,488,5
83,782,5
83,1888,4
83,102,5
83,424,5
83,702,4
83,1595,5
83,1434,5
83,700,5
83,1602,5
83,229,5
83,1692,5
83,148,1
83,1204,1
83,354,1
83,51,1
83,1026,1
83,1085,1
83,563,1
83,1451,1
83,678,1
83,56,1
83,431,1
83,880,1
83,58,2
83,1560,1
83,327,1
83,1287,1
83,1885,1
83,10,1
83,1850,1
83,1859,1
83,1701,1
83,482,1
83,160,1
83,807,1
84,702,5
84,416,5
84,54,5
84,297,5
84,899,5
84,1045,5
84,368,5
84,615,5
84,1434,5
84,1265,4
84,1734,5
84,424,5
84,728,5
84,808,5
84,1977,5
84,332,5
84,1595,5
84,229,4
84,651,5
84,782,4
84,1602,5
84,1692,5
84,700,5
84,983,5
84,1539,5
84,982,1
84,1026,1
84,274,1
84,880,2
84,1649,1
84,148,1
84,334,1
84,58,1
84,843,1
84,136,1
84,1204,1
84,354,1
84,56,1
84,5,1
84,1927,1
84,351,1
84,392,1
84,1668,1
84,291,1
84,306,1
84,1701,1
84,113,1
84,872,1
84,1490,1
84,1568,1
85,1802,5
85,700,4
85,1539,4
85,465,4
85,1434,5
85,1734,4
85,1595,5
85,1061,5
85,983,4
85,1265,5
85,368,5
85,899,5
85,912,5
85,1096,5
85,615,5
85,1271,5
85,651,5
85,1602,4
85,1692,5
85,1888,5
85,124,5
85,782,4
85,702,5
85,32,5
85,1045,4
85,1026,1
85,1818,1
85,1451,1
85,1801,1
85,1237,1
85,1649,1
85,678,1
85,334,1
85,982,1
85,1754,1
85,148,1
85,1500,1
85,136,1
85,94,1
85,51,1
85,113,1
85,291,1
85,1668,1
85,306,1
85,969,1
85,1689,1
85,1779,1
85,360,1
85,392,1
85,807,1
86,1888,5
86,488,4
86,1265,5
86,1271,4
86,983,5
86,1595,5
86,702,4
86,1434,5
86,1539,5
86,465,5
86,912,5
86,615,5
86,1096,5
86,332,5
86,368,5
86,899,4
86,1734,5
86,1061,5
86,102,5
86,728,5
86,1045,5
86,297,5
86,782,5
86,1692,5
86,700,5
86,58,1
86,94,1
86,1500,1
86,1188,1
86,982,1
86,843,1
86,1867,2
86,1938,1
86,148,1
86,1560,1
86,1927,1
86,1801,1
86,1237,1
86,1085,1
86,1779,1
86,872,1
86,1568,1
86,10,1
86,227,1
86,1287,1
86,30,1
86,1992,1
86,351,1
86,590,1
87,351,5
87,1859,5
87,1992,5
87,1836,4
87,227,5
87,1850,4
87,30,5
87,291,5
87,160,5
87,562,5
87,1287,5
87,807,4
87,1327,5
87,590,5
87,1568,5
87,327,5
87,1149,5
87,17,5
87,872,4
87,1701,5
87,360,5
87,1247,5
87,1967,5
87,1276,5
87,482,5
87,1539,1
87,1265,1
87,912,1
87,1271,1
87,488,1
87,1692,2
87,615,1
87,124,1
87,728,1
87,700,1
87,354,1
87,1204,1
87,148,1
87,136,1
87,1867,1
87,843,1
87,1649,1
87,56,2
87,1237,1
87,1560,1
88,651,5
88,1802,4
88,416,5
88,424,4
88,1434,5
88,899,5
88,1595,5
88,54,4
88,124,5
88,1692,4
88,32,5
88,983,5
88,702,5
88,297,5
88,1271,5
88,1265,5
88,1602,5
88,332,5
88,488,5
88,1061,5
88,1539,5
88,368,4
88,1888,4
88,912,5
88,700,5
88,188,1
88,136,1
88,274,1
88,354,1
88,5,2
88,58,2
88,678,1
88,1188,2
88,1085,1
88,1500,1
88,982,1
88,1649,1
88,1237,1
88,1938,1
88,1859,1
88,1850,1
88,1490,1
88,590,1
88,1885,1
88,1689,1
88,1779,1
88,1949,1
88,1247,2
88,360,1
89,1045,5
89,229,5
89,1595,5
89,1539,5
89,124,5
89,32,5
89,416,4
89,808,5
89,1271,5
89,1888,5
89,488,5
89,465,5
89,615,5
89,1265,5
89,1096,4
89,102,4
89,54,5
89,368,5
89,702,5
89,782,5
89,297,4
89,1434,4
89,899,5
89,1692,5
89,1061,5
89,1649,1
89,58,1
89,1801,1
89,1451,1
89,880,1
89,148,1
89,431,1
89,35,1
89,51,1
89,1754,2
89,1560,1
89,1204,1
89,678,1
89,1026,1
89,188,2
89,872,1
89,1859,1
89,1885,1
89,327,1
89,562,1
89,1287,1
89,1949,1
89,1149,1
89,17,1
89,1850,1
90,1949,5
90,1490,5
90,1689,5
90,30,5
90,590,5
90,1967,4
90,807,5
90,1378,5
90,1779,4
90,360,5
90,200,5
90,392,4
90,306,4
90,1973,5
90,482,4
90,227,5
90,1287,5
90,1327,5
90,10,5
90,1836,5
90,1850,5
90,1885,5
90,1701,5
90,1276,5
90,1247,5
90,1977,1
90,728,1
90,1595,1
90,424,1
90,102,1
90,332,1
90,416,1
90,1265,2
90,899,1
90,1434,1
90,354,1
90,437,1
90,5,1
90,1927,1
90,1451,1
90,58,1
90,94,1
90,136,1
90,563,1
91,1927,5
91,148,5
91,843,5
91,1754,5
91,431,5
91,354,5
91,982,5
91,1867,5
91,56,5
91,51,5
91,563,5
91,1938,4
91,1649,5
91,1818,5
91,35,4
91,1188,5
91,678,5
91,136,5
91,5,5
91,1500,4
91,880,5
91,1237,5
91,437,5
91,94,5
91,274,5
91,1271,1
91,1977,1
91,229,2
91,1602,1
91,1888,1
91,465,1
91,102,1
91,912,1
91,700,1
91,1734,1
91,332,1
91,1595,1
91,1045,1
91,1539,1
91,488,1
91,113,1
91,1568,1
91,590,1
91,351,1
91,200,1
91,1885,1
91,969,1
91,30,1
91,327,1
91,872,1
92,969,5
92,1779,5
92,113,5
92,160,5
92,482,5
92,1287,4
92,1836,5
92,10,5
92,1689,4
92,1668,5
92,1850,5
92,1973,4
92,590,5
92,1327,5
92,351,5
92,1949,4
92,306,5
92,1378,5
92,1701,4
92,872,4
92,1490,5
92,1992,4
92,1568,4
92,327,5
92,200,5
92,1096,1
92,1061,1
92,1045,1
92,229,1
92,1734,1
92,700,1
92,651,1
92,1692,1
92,488,2
92,782,1
92,1754,1
92,51,1
92,334,1
92,1204,1
92,58,1
92,188,1
92,1560,1
92,136,1
92,1237,1
92,354,1
93,102,5
93,651,4
93,332,4
93,899,4
93,808,5
93,912,5
93,702,5
93,416,5
93,465,5
93,1888,5
93,229,5
93,1271,5
93,54,5
93,297,5
93,1265,4
93,488,4
93,615,5
93,1096,5
93,983,4
93,1595,5
93,1602,5
93,1692,5
93,424,4
93,728,5
93,782,5
93,431,1
93,1938,1
93,1434,1
93,1867,1
93,5,1
93,56,1
93,136,1
93,678,1
93,35,1
93,437,1
93,843,1
93,1818,1
93,1204,1
93,58,1
93,982,1
93,200,1
93,227,1
93,351,1
93,872,2
93,10,1
93,30,1
93,1973,1
93,807,1
93,360,1
93,590,1
94,1026,5
94,1818,5
94,1500,5
94,1434,5
94,431,5
94,274,4
94,334,5
94,843,5
94,678,5
94,51,5
94,437,4
94,1649,4
94,1085,5
94,1204,5
94,982,4
94,5,5
94,35,4
94,148,5
94,1560,5
94,94,5
94,1754,4
94,136,5
94,188,5
94,1237,5
94,1867,5
94,912,1
94,1692,2
94,702,2
94,700,1
94,229,2
94,1265,1
94,1888,1
94,983,1
94,332,1
94,1977,1
94,488,2
94,1595,1
94,1802,1
94,1061,1
94,54,1
94,1859,1
94,306,2
94,200,1
94,160,1
94,1276,1
94,1779,1
94,291,1
94,1992,1
94,1490,1
94,360,1
95,969,5
95,306,5
95,872,5
95,1378,5
95,1689,4
95,227,5
95,1490,5
95,200,4
95,1992,5
95,1327,4
95,113,5
95,1287,5
95,1701,5
95,562,5
95,17,5
95,807,4
95,1949,5
95,327,5
95,30,4
95,1668,5
95,1247,4
95,1836,5
95,291,4
95,1568,5
95,1779,5
95,728,1
95,782,1
95,54,1
95,32,1
95,912,1
95,1602,1
95,332,1
95,983,1
95,1434,1
95,1061,1
95,1026,1
95,880,1
95,678,1
95,334,1
95,1938,1
95,274,1
95,56,1
95,35,1
95,563,1
95,1451,1
96,229,5
96,912,5
96,1434,5
96,782,5
96,1888,4
96,416,5
96,32,5
96,297,5
96,332,5
96,1096,5
96,102,5
96,1734,5
96,615,5
96,424,4
96,1692,5
96,651,5
96,1271,5
96,465,4
96,983,5
96,488,5
96,899,5
96,1977,5
96,1265,4
96,1061,5
96,808,5
96,678,2
96,1188,1
96,334,1
96,5,1
96,563,1
96,1754,1
96,1026,1
96,56,1
96,69,1
96,982,1
96,1927,1
96,1237,1
96,437,1
96,274,1
96,1649,1
96,17,1
96,1327,1
96,30,1
96,1973,2
96,1850,1
96,1885,1
96,291,1
96,1149,1
96,360,1
96,1859,1
97,982,5
97,51,5
97,354,5
97,1026,5
97,1451,4
97,843,5
97,69,4
97,35,5
97,188,5
97,1867,5
97,1204,5
97,1938,5
97,1085,4
97,1754,5
97,1500,4
97,1560,5
97,678,4
97,1649,4
97,136,5
97,274,5
97,58,5
97,1188,5
97,1801,5
97,1818,5
97,1237,5
97,1595,1
97,651,1
97,32,1
97,702,2
97,1061,1
97,1977,1
97,54,1
97,488,1
97,368,1
97,1692,1
97,1045,1
97,465,1
97,808,2
97,102,1
97,332,2
97,482,1
97,392,1
97,1668,1
97,306,1
97,1949,1
97,160,1
97,30,1
97,1967,1
97,1885,1
97,10,2
98,1378,4
98,327,5
98,1850,5
98,160,5
98,1327,5
98,17,5
98,1885,5
98,482,5
98,1949,5
98,392,5
98,1859,5
98,1701,5
98,113,5
98,291,5
98,1836,5
98,30,5
98,1992,5
98,807,5
98,1568,5
98,351,5
98,1287,5
98,1490,5
98,306,4
98,1689,5
98,590,5
98,332,1
98,1434,1
98,124,1
98,488,1
98,229,1
98,1061,1
98,1539,1
98,899,1
98,700,1
98,1977,1
98,1500,1
98,56,1
98,188,1
98,94,1
98,148,1
98,1927,2
98,5,1
98,1801,1
98,982,1
98,354,1
99,1378,5
99,1992,5
99,360,4
99,1327,5
99,1247,5
99,872,5
99,1850,4
99,1276,5
99,1568,5
99,30,5
99,807,4
99,1149,5
99,1859,5
99,1701,4
99,562,5
99,291,4
99,160,4
99,327,5
99,351,4
99,482,5
99,1779,5
99,1949,5
99,1885,5
99,306,5
99,17,5
99,32,1
99,416,1
99,1977,1
99,124,1
99,465,1
99,1734,1
99,808,1
99,1265,1
99,297,1
99,702,2
99,5,1
99,274,1
99,1927,1
99,1938,1
99,354,1
99,1204,1
99,148,2
99,334,1
99,1649,1
99,437,1
100,51,4
100,1818,5
100,1434,5
100,1451,5
100,982,5
100,94,5
100,69,5
100,274,5
100,678,5
100,1649,5
100,148,5
100,1500,5
100,1801,5
100,354,5
100,563,4
100,1560,5
100,58,4
100,5,5
100,1188,5
100,1085,4
100,431,5
100,188,5
100,56,5
100,1927,5
100,1237,5
100,1602,1
100,1977,2
100,1802,1
100,912,1
100,782,1
100,332,1
100,983,1
100,1096,1
100,615,1
100,651,2
100,54,1
100,297,1
100,1265,1
100,1045,1
100,465,1
100,1885,1
100,1836,1
100,1490,1
100,562,1
100,351,1
100,1378,1
100,1668,1
100,1973,1
100,1276,1
100,113,1
